/*M!999999\- enable the sandbox mode */ 

/*!40101 SET @OLD_CHARACTER_SET_CLIENT=@@CHARACTER_SET_CLIENT */;
/*!40101 SET @OLD_CHARACTER_SET_RESULTS=@@CHARACTER_SET_RESULTS */;
/*!40101 SET @OLD_COLLATION_CONNECTION=@@COLLATION_CONNECTION */;
/*!40101 SET NAMES utf8mb4 */;
/*!40103 SET @OLD_TIME_ZONE=@@TIME_ZONE */;
/*!40103 SET TIME_ZONE='+00:00' */;
/*!40014 SET @OLD_FOREIGN_KEY_CHECKS=@@FOREIGN_KEY_CHECKS, FOREIGN_KEY_CHECKS=0 */;
/*!40101 SET @OLD_SQL_MODE=@@SQL_MODE, SQL_MODE='NO_AUTO_VALUE_ON_ZERO' */;
/*M!100616 SET @OLD_NOTE_VERBOSITY=@@NOTE_VERBOSITY, NOTE_VERBOSITY=0 */;

LOCK TABLES `AssetCategory` WRITE;
/*!40000 ALTER TABLE `AssetCategory` DISABLE KEYS */;
INSERT INTO `AssetCategory` VALUES
('cmqjhd8mx00017opbtxrde4vh','VM','Virtual Machines',1),
('cmqjhd8n300027opbglx9p8vy','SERVER','Physical / Host Servers',2),
('cmqjhd8n800037opbjan75jg6','NETWORK','Network Systems',3),
('cmqjhd8nb00047opbs4jjcrpg','BACKUP','Database Backup',4);
/*!40000 ALTER TABLE `AssetCategory` ENABLE KEYS */;
UNLOCK TABLES;

LOCK TABLES `AssetOption` WRITE;
/*!40000 ALTER TABLE `AssetOption` DISABLE KEYS */;
INSERT INTO `AssetOption` VALUES
('cmqjhd8ne00057opbv9dimn14','DATABASE_TYPE','MySQL',1,'2026-06-18 12:32:59.402','2026-06-19 13:53:48.325'),
('cmqjhd8ni00067opbbvcqelg6','DATABASE_TYPE','SQL Server',2,'2026-06-18 12:32:59.406','2026-06-19 13:53:48.327'),
('cmqjhd8nl00077opbwqxczp1b','DATABASE_TYPE','PostgreSQL',3,'2026-06-18 12:32:59.409','2026-06-19 13:53:48.329'),
('cmqjhd8no00087opbymhx66ub','DATABASE_TYPE','Oracle',4,'2026-06-18 12:32:59.412','2026-06-19 13:53:48.331'),
('cmqjhd8nq00097opb7m95sr7f','DATABASE_TYPE','MariaDB',5,'2026-06-18 12:32:59.415','2026-06-19 13:53:48.332'),
('cmqjhd8nt000a7opb4ws9g384','DATABASE_TYPE','MongoDB',6,'2026-06-18 12:32:59.417','2026-06-19 13:53:48.335'),
('cmqjhd8nw000b7opbl3uf9ybr','DATABASE_TYPE','Redis',7,'2026-06-18 12:32:59.420','2026-06-19 13:53:48.337'),
('cmqjhd8nz000c7opbetv5zzhj','OS_TYPE','Windows',1,'2026-06-18 12:32:59.424','2026-06-19 13:53:48.339'),
('cmqjhd8o2000d7opbfu4y9l2r','OS_TYPE','Ubuntu',2,'2026-06-18 12:32:59.426','2026-06-19 13:53:48.340'),
('cmqjhd8o5000e7opb7pquedy6','OS_TYPE','Rocky',3,'2026-06-18 12:32:59.430','2026-06-19 13:53:48.342'),
('cmqjhd8o8000f7opb3iwlhecd','OS_TYPE','CentOS',4,'2026-06-18 12:32:59.432','2026-06-19 13:53:48.343'),
('cmqjhd8ob000g7opb5i3xuyq9','OS_TYPE','Red Hat',5,'2026-06-18 12:32:59.435','2026-06-19 13:53:48.345'),
('cmqjhd8od000h7opbtcatfmue','OS_TYPE','Debian',6,'2026-06-18 12:32:59.438','2026-06-19 13:53:48.346'),
('cmqkxu2f300007cng4h8m4kln','NETWORK_BRAND','Cisco',1,'2026-06-19 13:01:44.511','2026-06-19 13:01:44.511'),
('cmqkxugbu00037cnglh7phvwu','BUILDING','อาคาร 1',1,'2026-06-19 13:02:02.539','2026-06-19 13:46:50.634'),
('cmqkzf9h7000g7cngri9sn1oi','BUILDING','อาคาร 2',2,'2026-06-19 13:46:13.052','2026-06-19 13:46:13.052'),
('cmqkzfv2l000j7cngsxgvll3p','NETWORK_BRAND','Huawei',2,'2026-06-19 13:46:41.037','2026-06-19 13:46:41.037'),
('cmqkzq1qa00006lguzf1bmxu6','BUILDING','อาคาร 3',3,'2026-06-19 13:54:36.227','2026-06-19 13:54:46.406'),
('cmqkzqi0n00096lguar1bfouy','NETWORK_BRAND','HPE',3,'2026-06-19 13:54:57.335','2026-06-19 13:54:57.335'),
('cmqkzqlzj000c6lgubt4id3ii','NETWORK_BRAND','Aruba',4,'2026-06-19 13:55:02.480','2026-06-19 13:55:02.480');
/*!40000 ALTER TABLE `AssetOption` ENABLE KEYS */;
UNLOCK TABLES;

LOCK TABLES `DataCenter` WRITE;
/*!40000 ALTER TABLE `DataCenter` DISABLE KEYS */;
INSERT INTO `DataCenter` VALUES
('dc-1','Data Center 1','อาคาร A ชั้น 2','ห้อง Data Center 1 - มีแอร์ 4 ตัว',1,1,'2026-06-18 12:32:59.729','2026-06-18 12:32:59.729'),
('dc-2','Data Center 2','อาคาร B ชั้น 1','ห้อง Data Center 2 - มีแอร์ 2 ตัว',2,1,'2026-06-18 12:32:59.735','2026-06-18 12:32:59.735');
/*!40000 ALTER TABLE `DataCenter` ENABLE KEYS */;
UNLOCK TABLES;

LOCK TABLES `ChecklistCategory` WRITE;
/*!40000 ALTER TABLE `ChecklistCategory` DISABLE KEYS */;
INSERT INTO `ChecklistCategory` VALUES
('cmqjhd8wr00557opbtww584ah','ระบบทำความเย็น','dc-1',1,1,'2026-06-18 12:32:59.739','2026-06-19 13:53:48.517'),
('cmqjhd8xd005h7opbu3czb9xp','ระบบควบคุมการเข้าออก','dc-1',2,1,'2026-06-18 12:32:59.761','2026-06-19 13:53:48.530'),
('cmqjhd8xo005l7opbuo06ut6n','ระบบบันทึกภาพการเข้า-ออก','dc-1',3,1,'2026-06-18 12:32:59.772','2026-06-19 13:53:48.535'),
('cmqjhd8xv005p7opbqb2uzxmx','อุปกรณ์ป้องกันเครือข่าย','dc-1',4,1,'2026-06-18 12:32:59.779','2026-06-19 13:53:48.539'),
('cmqjhd8y2005t7opbag8m1h7l','อุปกรณ์กระจายสัญญาณหลัก','dc-1',5,1,'2026-06-18 12:32:59.786','2026-06-19 13:53:48.543'),
('cmqjhd8y7005x7opbbhcmxmg4','ระบบทำความเย็น','dc-2',1,1,'2026-06-18 12:32:59.792','2026-06-19 13:53:48.547'),
('cmqjhd8yl00657opbybysnong','ระบบควบคุมการเข้าออก','dc-2',2,1,'2026-06-18 12:32:59.805','2026-06-19 13:53:48.555'),
('cmqjhd8ys00697opbs2602i8n','ระบบบันทึกภาพการเข้า-ออก','dc-2',3,1,'2026-06-18 12:32:59.812','2026-06-19 13:53:48.560'),
('cmqjhd8yx006d7opb7tffgo8t','อุปกรณ์ป้องกันเครือข่าย','dc-2',4,1,'2026-06-18 12:32:59.818','2026-06-19 13:53:48.565'),
('cmqjhd8z4006h7opbt31tiaox','อุปกรณ์กระจายสัญญาณหลัก','dc-2',5,1,'2026-06-18 12:32:59.824','2026-06-19 13:53:48.570');
/*!40000 ALTER TABLE `ChecklistCategory` ENABLE KEYS */;
UNLOCK TABLES;

LOCK TABLES `ChecklistItem` WRITE;
/*!40000 ALTER TABLE `ChecklistItem` DISABLE KEYS */;
INSERT INTO `ChecklistItem` VALUES
('cmqjhd8wv00577opbvr0y59vw','cmqjhd8wr00557opbtww584ah','อุณหภูมิห้อง',1,0,5,1,1,'2026-06-18 12:32:59.744','2026-06-19 13:53:48.519'),
('cmqjhd8wz00597opbebg6lore','cmqjhd8wr00557opbtww584ah','แอร์ตัวที่ 1',0,0,5,2,1,'2026-06-18 12:32:59.748','2026-06-19 13:53:48.522'),
('cmqjhd8x2005b7opbwmt4cjd4','cmqjhd8wr00557opbtww584ah','แอร์ตัวที่ 2',0,0,5,3,1,'2026-06-18 12:32:59.750','2026-06-19 13:53:48.524'),
('cmqjhd8x6005d7opb5uxe065z','cmqjhd8wr00557opbtww584ah','แอร์ตัวที่ 3',0,0,5,4,1,'2026-06-18 12:32:59.754','2026-06-19 13:53:48.526'),
('cmqjhd8xa005f7opbuqq7qfnb','cmqjhd8wr00557opbtww584ah','แอร์ตัวที่ 4',0,0,5,5,1,'2026-06-18 12:32:59.758','2026-06-19 13:53:48.528'),
('cmqjhd8xj005j7opba0ffomnn','cmqjhd8xd005h7opbu3czb9xp','Finger Scan - สถานะไฟ',0,0,5,1,1,'2026-06-18 12:32:59.767','2026-06-19 13:53:48.533'),
('cmqjhd8xr005n7opbl3xv336j','cmqjhd8xo005l7opbuo06ut6n','NVR - สามารถดูได้',0,0,5,1,1,'2026-06-18 12:32:59.776','2026-06-19 13:53:48.537'),
('cmqjhd8xy005r7opb2799bjim','cmqjhd8xv005p7opbqb2uzxmx','Firewall - ทำงานปกติ',0,0,5,1,1,'2026-06-18 12:32:59.783','2026-06-19 13:53:48.541'),
('cmqjhd8y5005v7opbmjgxqnyl','cmqjhd8y2005t7opbag8m1h7l','Core Switch - ทำงานปกติ',0,0,5,1,1,'2026-06-18 12:32:59.789','2026-06-19 13:53:48.545'),
('cmqjhd8ya005z7opbz02kq53y','cmqjhd8y7005x7opbbhcmxmg4','อุณหภูมิห้อง',1,0,5,1,1,'2026-06-18 12:32:59.795','2026-06-19 13:53:48.549'),
('cmqjhd8yf00617opbieb8umh4','cmqjhd8y7005x7opbbhcmxmg4','แอร์ตัวที่ 1',0,0,5,2,1,'2026-06-18 12:32:59.799','2026-06-19 13:53:48.551'),
('cmqjhd8yi00637opb5gfmuagl','cmqjhd8y7005x7opbbhcmxmg4','แอร์ตัวที่ 2',0,0,5,3,1,'2026-06-18 12:32:59.802','2026-06-19 13:53:48.553'),
('cmqjhd8yo00677opbdg0tkqze','cmqjhd8yl00657opbybysnong','Finger Scan - สถานะไฟ',0,0,5,1,1,'2026-06-18 12:32:59.809','2026-06-19 13:53:48.558'),
('cmqjhd8yv006b7opbo1yc2a90','cmqjhd8ys00697opbs2602i8n','NVR - สามารถดูได้',0,0,5,1,1,'2026-06-18 12:32:59.815','2026-06-19 13:53:48.563'),
('cmqjhd8z0006f7opbtos5lcny','cmqjhd8yx006d7opb7tffgo8t','Firewall - ทำงานปกติ',0,0,5,1,1,'2026-06-18 12:32:59.821','2026-06-19 13:53:48.568'),
('cmqjhd8z8006j7opbuki3rexy','cmqjhd8z4006h7opbt31tiaox','Core Switch - ทำงานปกติ',0,0,5,1,1,'2026-06-18 12:32:59.829','2026-06-19 13:53:48.573');
/*!40000 ALTER TABLE `ChecklistItem` ENABLE KEYS */;
UNLOCK TABLES;

LOCK TABLES `Asset` WRITE;
/*!40000 ALTER TABLE `Asset` DISABLE KEYS */;
INSERT INTO `Asset` VALUES
('cmqjhd8og000j7opbpx62gtfm','cmqjhd8mx00017opbtxrde4vh',NULL,'API-LABUBON',NULL,NULL,NULL,NULL,NULL,NULL,NULL,NULL,NULL,NULL,NULL,NULL,NULL,NULL,1,1,'2026-06-18 12:32:59.441','2026-06-19 13:53:48.348'),
('cmqjhd8ol000l7opbm5gzjbv8','cmqjhd8mx00017opbtxrde4vh',NULL,'API-Manage',NULL,NULL,NULL,NULL,NULL,NULL,NULL,NULL,NULL,NULL,NULL,NULL,NULL,NULL,2,1,'2026-06-18 12:32:59.445','2026-06-19 13:53:48.350'),
('cmqjhd8oq000n7opbr954y3b8','cmqjhd8mx00017opbtxrde4vh',NULL,'API-node1',NULL,NULL,NULL,NULL,NULL,NULL,NULL,NULL,NULL,NULL,NULL,NULL,NULL,NULL,3,1,'2026-06-18 12:32:59.450','2026-06-19 13:53:48.353'),
('cmqjhd8ou000p7opbj2a87kav','cmqjhd8mx00017opbtxrde4vh',NULL,'API-node1',NULL,NULL,NULL,NULL,NULL,NULL,NULL,NULL,NULL,NULL,NULL,NULL,NULL,NULL,4,1,'2026-06-18 12:32:59.455','2026-06-19 13:53:48.354'),
('cmqjhd8oy000r7opb5vntms3b','cmqjhd8mx00017opbtxrde4vh',NULL,'BMC',NULL,NULL,NULL,NULL,NULL,NULL,NULL,NULL,NULL,NULL,NULL,NULL,NULL,NULL,5,1,'2026-06-18 12:32:59.458','2026-06-19 13:53:48.356'),
('cmqjhd8p1000t7opb61lr0vp6','cmqjhd8mx00017opbtxrde4vh',NULL,'BunkerWeb-01',NULL,NULL,NULL,NULL,NULL,NULL,NULL,NULL,NULL,NULL,NULL,NULL,NULL,NULL,6,1,'2026-06-18 12:32:59.461','2026-06-19 13:53:48.358'),
('cmqjhd8p4000v7opbgt0blm4u','cmqjhd8mx00017opbtxrde4vh',NULL,'CardioSRV',NULL,NULL,NULL,NULL,NULL,NULL,NULL,NULL,NULL,NULL,NULL,NULL,NULL,NULL,7,1,'2026-06-18 12:32:59.464','2026-06-19 13:53:48.361'),
('cmqjhd8p7000x7opbwnynasv5','cmqjhd8mx00017opbtxrde4vh',NULL,'Control-Cluster',NULL,NULL,NULL,NULL,NULL,NULL,NULL,NULL,NULL,NULL,NULL,NULL,NULL,NULL,8,1,'2026-06-18 12:32:59.467','2026-06-19 13:53:48.363'),
('cmqjhd8pa000z7opbb72rhnrt','cmqjhd8mx00017opbtxrde4vh',NULL,'Daychaserver',NULL,NULL,NULL,NULL,NULL,NULL,NULL,NULL,NULL,NULL,NULL,NULL,NULL,NULL,9,1,'2026-06-18 12:32:59.471','2026-06-19 13:53:48.365'),
('cmqjhd8pd00117opbwzub5luq','cmqjhd8mx00017opbtxrde4vh',NULL,'DB01',NULL,NULL,NULL,NULL,NULL,NULL,NULL,NULL,NULL,NULL,NULL,NULL,NULL,NULL,10,1,'2026-06-18 12:32:59.474','2026-06-19 13:53:48.367'),
('cmqjhd8ph00137opbxy0hsh2a','cmqjhd8mx00017opbtxrde4vh',NULL,'DB02',NULL,NULL,NULL,NULL,NULL,NULL,NULL,NULL,NULL,NULL,NULL,NULL,NULL,NULL,11,1,'2026-06-18 12:32:59.477','2026-06-19 13:53:48.369'),
('cmqjhd8pl00157opbintvaczg','cmqjhd8mx00017opbtxrde4vh',NULL,'DC1',NULL,NULL,NULL,NULL,NULL,NULL,NULL,NULL,NULL,NULL,NULL,NULL,NULL,NULL,12,1,'2026-06-18 12:32:59.481','2026-06-19 13:53:48.371'),
('cmqjhd8pp00177opb46idvwx1','cmqjhd8mx00017opbtxrde4vh',NULL,'DC2',NULL,NULL,NULL,NULL,NULL,NULL,NULL,NULL,NULL,NULL,NULL,NULL,NULL,NULL,13,1,'2026-06-18 12:32:59.486','2026-06-19 13:53:48.373'),
('cmqjhd8pt00197opbhehwlk6b','cmqjhd8mx00017opbtxrde4vh',NULL,'DHC01',NULL,NULL,NULL,NULL,NULL,NULL,NULL,NULL,NULL,NULL,NULL,NULL,NULL,NULL,14,1,'2026-06-18 12:32:59.489','2026-06-19 13:53:48.374'),
('cmqjhd8px001b7opb74oiikgf','cmqjhd8mx00017opbtxrde4vh',NULL,'DMS-API',NULL,NULL,NULL,NULL,NULL,NULL,NULL,NULL,NULL,NULL,NULL,NULL,NULL,NULL,15,1,'2026-06-18 12:32:59.493','2026-06-19 13:53:48.376'),
('cmqjhd8q0001d7opb0m0s821f','cmqjhd8mx00017opbtxrde4vh',NULL,'eSight-A',NULL,NULL,NULL,NULL,NULL,NULL,NULL,NULL,NULL,NULL,NULL,NULL,NULL,NULL,16,1,'2026-06-18 12:32:59.497','2026-06-19 13:53:48.378'),
('cmqjhd8q4001f7opbsuaqd7gq','cmqjhd8mx00017opbtxrde4vh',NULL,'eSight-A',NULL,NULL,NULL,NULL,NULL,NULL,NULL,NULL,NULL,NULL,NULL,NULL,NULL,NULL,17,1,'2026-06-18 12:32:59.500','2026-06-19 13:53:48.380'),
('cmqjhd8q7001h7opby4ifw97f','cmqjhd8mx00017opbtxrde4vh',NULL,'HPE_SSMC',NULL,NULL,NULL,NULL,NULL,NULL,NULL,NULL,NULL,NULL,NULL,NULL,NULL,NULL,18,1,'2026-06-18 12:32:59.504','2026-06-19 13:53:48.381'),
('cmqjhd8qb001j7opbcrtjkm1m','cmqjhd8mx00017opbtxrde4vh',NULL,'ILO Amplifier',NULL,NULL,NULL,NULL,NULL,NULL,NULL,NULL,NULL,NULL,NULL,NULL,NULL,NULL,19,1,'2026-06-18 12:32:59.507','2026-06-19 13:53:48.383'),
('cmqjhd8qg001l7opbi7y6c66c','cmqjhd8mx00017opbtxrde4vh',NULL,'ImageSRV01',NULL,NULL,NULL,NULL,NULL,NULL,NULL,NULL,NULL,NULL,NULL,NULL,NULL,NULL,20,1,'2026-06-18 12:32:59.512','2026-06-19 13:53:48.386'),
('cmqjhd8qj001n7opb2hb4khsz','cmqjhd8mx00017opbtxrde4vh',NULL,'intra',NULL,NULL,NULL,NULL,NULL,NULL,NULL,NULL,NULL,NULL,NULL,NULL,NULL,NULL,21,1,'2026-06-18 12:32:59.516','2026-06-19 13:53:48.388'),
('cmqjhd8qn001p7opbvbi8g5hx','cmqjhd8mx00017opbtxrde4vh',NULL,'Jaynlab',NULL,NULL,NULL,NULL,NULL,NULL,NULL,NULL,NULL,NULL,NULL,NULL,NULL,NULL,22,1,'2026-06-18 12:32:59.520','2026-06-19 13:53:48.391'),
('cmqjhd8qr001r7opbnh2u7hfs','cmqjhd8mx00017opbtxrde4vh',NULL,'Mail',NULL,NULL,NULL,NULL,NULL,NULL,NULL,NULL,NULL,NULL,NULL,NULL,NULL,NULL,23,1,'2026-06-18 12:32:59.523','2026-06-19 13:53:48.393'),
('cmqjhd8qu001t7opbtwbbneil','cmqjhd8mx00017opbtxrde4vh',NULL,'MySQL-Master1',NULL,NULL,NULL,NULL,NULL,NULL,NULL,NULL,NULL,NULL,NULL,NULL,NULL,NULL,24,1,'2026-06-18 12:32:59.527','2026-06-19 13:53:48.394'),
('cmqjhd8qy001v7opbhpw318gf','cmqjhd8mx00017opbtxrde4vh',NULL,'Nginx-Proxy01',NULL,NULL,NULL,NULL,NULL,NULL,NULL,NULL,NULL,NULL,NULL,NULL,NULL,NULL,25,1,'2026-06-18 12:32:59.530','2026-06-19 13:53:48.396'),
('cmqjhd8r1001x7opbhodt8wv5','cmqjhd8mx00017opbtxrde4vh',NULL,'Nginx-Proxy02',NULL,NULL,NULL,NULL,NULL,NULL,NULL,NULL,NULL,NULL,NULL,NULL,NULL,NULL,26,1,'2026-06-18 12:32:59.533','2026-06-19 13:53:48.398'),
('cmqjhd8r4001z7opbhp076hly','cmqjhd8mx00017opbtxrde4vh',NULL,'NodeJs01',NULL,NULL,NULL,NULL,NULL,NULL,NULL,NULL,NULL,NULL,NULL,NULL,NULL,NULL,27,1,'2026-06-18 12:32:59.536','2026-06-19 13:53:48.401'),
('cmqjhd8r700217opbs2hlzha1','cmqjhd8mx00017opbtxrde4vh',NULL,'NodeJs02',NULL,NULL,NULL,NULL,NULL,NULL,NULL,NULL,NULL,NULL,NULL,NULL,NULL,NULL,28,1,'2026-06-18 12:32:59.540','2026-06-19 13:53:48.403'),
('cmqjhd8rc00237opbg585nyu4','cmqjhd8mx00017opbtxrde4vh',NULL,'NPS01',NULL,NULL,NULL,NULL,NULL,NULL,NULL,NULL,NULL,NULL,NULL,NULL,NULL,NULL,29,1,'2026-06-18 12:32:59.545','2026-06-19 13:53:48.405'),
('cmqjhd8rg00257opbmxqrfb5u','cmqjhd8mx00017opbtxrde4vh',NULL,'NPS02',NULL,NULL,NULL,NULL,NULL,NULL,NULL,NULL,NULL,NULL,NULL,NULL,NULL,NULL,30,1,'2026-06-18 12:32:59.548','2026-06-19 13:53:48.406'),
('cmqjhd8rj00277opb2lk9cvw9','cmqjhd8mx00017opbtxrde4vh',NULL,'PFRadius',NULL,NULL,NULL,NULL,NULL,NULL,NULL,NULL,NULL,NULL,NULL,NULL,NULL,NULL,31,1,'2026-06-18 12:32:59.551','2026-06-19 13:53:48.408'),
('cmqjhd8rm00297opbytj4kvdd','cmqjhd8mx00017opbtxrde4vh',NULL,'Programmer-CNT',NULL,NULL,NULL,NULL,NULL,NULL,NULL,NULL,NULL,NULL,NULL,NULL,NULL,NULL,32,1,'2026-06-18 12:32:59.554','2026-06-19 13:53:48.410'),
('cmqjhd8rp002b7opbky7e01h7','cmqjhd8mx00017opbtxrde4vh',NULL,'Proxy-web',NULL,NULL,NULL,NULL,NULL,NULL,NULL,NULL,NULL,NULL,NULL,NULL,NULL,NULL,33,1,'2026-06-18 12:32:59.558','2026-06-19 13:53:48.412'),
('cmqjhd8rs002d7opbt22motbi','cmqjhd8mx00017opbtxrde4vh',NULL,'R-LB01',NULL,NULL,NULL,NULL,NULL,NULL,NULL,NULL,NULL,NULL,NULL,NULL,NULL,NULL,34,1,'2026-06-18 12:32:59.561','2026-06-19 13:53:48.414'),
('cmqjhd8rv002f7opbl6hd6zeu','cmqjhd8mx00017opbtxrde4vh',NULL,'R-LB02',NULL,NULL,NULL,NULL,NULL,NULL,NULL,NULL,NULL,NULL,NULL,NULL,NULL,NULL,35,1,'2026-06-18 12:32:59.563','2026-06-19 13:53:48.416'),
('cmqjhd8rz002h7opb3s6owhgr','cmqjhd8mx00017opbtxrde4vh',NULL,'Research_SRV',NULL,NULL,NULL,NULL,NULL,NULL,NULL,NULL,NULL,NULL,NULL,NULL,NULL,NULL,36,1,'2026-06-18 12:32:59.567','2026-06-19 13:53:48.419'),
('cmqjhd8s3002j7opblx3ye4fs','cmqjhd8mx00017opbtxrde4vh',NULL,'RFIDW10',NULL,NULL,NULL,NULL,NULL,NULL,NULL,NULL,NULL,NULL,NULL,NULL,NULL,NULL,37,1,'2026-06-18 12:32:59.571','2026-06-19 13:53:48.421'),
('cmqjhd8s6002l7opbvsuxkj8t','cmqjhd8mx00017opbtxrde4vh',NULL,'saph2',NULL,NULL,NULL,NULL,NULL,NULL,NULL,NULL,NULL,NULL,NULL,NULL,NULL,NULL,38,1,'2026-06-18 12:32:59.575','2026-06-19 13:53:48.423'),
('cmqjhd8sa002n7opbef5gbdn6','cmqjhd8mx00017opbtxrde4vh',NULL,'SPS-Radius01',NULL,NULL,NULL,NULL,NULL,NULL,NULL,NULL,NULL,NULL,NULL,NULL,NULL,NULL,39,1,'2026-06-18 12:32:59.578','2026-06-19 13:53:48.425'),
('cmqjhd8sd002p7opbaz6xlga3','cmqjhd8mx00017opbtxrde4vh',NULL,'SQLSRV1',NULL,NULL,NULL,NULL,NULL,NULL,NULL,NULL,NULL,NULL,NULL,NULL,NULL,NULL,40,1,'2026-06-18 12:32:59.581','2026-06-19 13:53:48.427'),
('cmqjhd8sg002r7opbvko728gr','cmqjhd8mx00017opbtxrde4vh',NULL,'SQLSRV2',NULL,NULL,NULL,NULL,NULL,NULL,NULL,NULL,NULL,NULL,NULL,NULL,NULL,NULL,41,1,'2026-06-18 12:32:59.584','2026-06-19 13:53:48.429'),
('cmqjhd8sk002t7opb4bfn2dsi','cmqjhd8mx00017opbtxrde4vh',NULL,'SQLSRV4',NULL,NULL,NULL,NULL,NULL,NULL,NULL,NULL,NULL,NULL,NULL,NULL,NULL,NULL,42,1,'2026-06-18 12:32:59.588','2026-06-19 13:53:48.431'),
('cmqjhd8sn002v7opbtij1kxhj','cmqjhd8mx00017opbtxrde4vh',NULL,'tomcat',NULL,NULL,NULL,NULL,NULL,NULL,NULL,NULL,NULL,NULL,NULL,NULL,NULL,NULL,43,1,'2026-06-18 12:32:59.591','2026-06-19 13:53:48.432'),
('cmqjhd8sq002x7opbmvxnho1l','cmqjhd8mx00017opbtxrde4vh',NULL,'UbonSystem',NULL,NULL,NULL,NULL,NULL,NULL,NULL,NULL,NULL,NULL,NULL,NULL,NULL,NULL,44,1,'2026-06-18 12:32:59.595','2026-06-19 13:53:48.435'),
('cmqjhd8sv002z7opbmwm2qih8','cmqjhd8mx00017opbtxrde4vh',NULL,'Web-MEC',NULL,NULL,NULL,NULL,NULL,NULL,NULL,NULL,NULL,NULL,NULL,NULL,NULL,NULL,45,1,'2026-06-18 12:32:59.600','2026-06-19 13:53:48.437'),
('cmqjhd8sz00317opbhnwuts0v','cmqjhd8mx00017opbtxrde4vh',NULL,'Web-Service-OLD',NULL,NULL,NULL,NULL,NULL,NULL,NULL,NULL,NULL,NULL,NULL,NULL,NULL,NULL,46,1,'2026-06-18 12:32:59.603','2026-06-19 13:53:48.438'),
('cmqjhd8t300337opb2m9rq8n2','cmqjhd8mx00017opbtxrde4vh',NULL,'Web-SunpasitNEW',NULL,NULL,NULL,NULL,NULL,NULL,NULL,NULL,NULL,NULL,NULL,NULL,NULL,NULL,47,1,'2026-06-18 12:32:59.607','2026-06-19 13:53:48.440'),
('cmqjhd8t600357opb0ap0kgjx','cmqjhd8mx00017opbtxrde4vh',NULL,'WebMedia',NULL,NULL,NULL,NULL,NULL,NULL,NULL,NULL,NULL,NULL,NULL,NULL,NULL,NULL,48,1,'2026-06-18 12:32:59.610','2026-06-19 13:53:48.442'),
('cmqjhd8t800377opba8v00e8t','cmqjhd8mx00017opbtxrde4vh',NULL,'WebService',NULL,NULL,NULL,NULL,NULL,NULL,NULL,NULL,NULL,NULL,NULL,NULL,NULL,NULL,49,1,'2026-06-18 12:32:59.613','2026-06-19 13:53:48.444'),
('cmqjhd8tb00397opb006o1m6a','cmqjhd8mx00017opbtxrde4vh',NULL,'WebSunpasit',NULL,NULL,NULL,NULL,NULL,NULL,NULL,NULL,NULL,NULL,NULL,NULL,NULL,NULL,50,1,'2026-06-18 12:32:59.615','2026-06-19 13:53:48.447'),
('cmqjhd8te003b7opbm647hf0o','cmqjhd8mx00017opbtxrde4vh',NULL,'MQTT01-SRV',NULL,NULL,NULL,NULL,NULL,NULL,NULL,NULL,NULL,NULL,NULL,NULL,NULL,NULL,51,1,'2026-06-18 12:32:59.618','2026-06-19 13:53:48.449'),
('cmqjhd8th003d7opbspeimvez','cmqjhd8n300027opbglx9p8vy',NULL,'esxi-b1',NULL,NULL,NULL,NULL,NULL,NULL,NULL,NULL,NULL,NULL,NULL,NULL,NULL,NULL,1,1,'2026-06-18 12:32:59.621','2026-06-19 13:53:48.451'),
('cmqjhd8tm003f7opb7tuvcep3','cmqjhd8n300027opbglx9p8vy',NULL,'esxi-b2',NULL,NULL,NULL,NULL,NULL,NULL,NULL,NULL,NULL,NULL,NULL,NULL,NULL,NULL,2,1,'2026-06-18 12:32:59.626','2026-06-19 13:53:48.453'),
('cmqjhd8tp003h7opburbvpch0','cmqjhd8n300027opbglx9p8vy',NULL,'esxi-b3',NULL,NULL,NULL,NULL,NULL,NULL,NULL,NULL,NULL,NULL,NULL,NULL,NULL,NULL,3,1,'2026-06-18 12:32:59.630','2026-06-19 13:53:48.455'),
('cmqjhd8ts003j7opb3hsw2der','cmqjhd8n300027opbglx9p8vy',NULL,'esxi-b4',NULL,NULL,NULL,NULL,NULL,NULL,NULL,NULL,NULL,NULL,NULL,NULL,NULL,NULL,4,1,'2026-06-18 12:32:59.633','2026-06-19 13:53:48.456'),
('cmqjhd8tv003l7opbi5lclkaj','cmqjhd8n300027opbglx9p8vy',NULL,'esxi-b9',NULL,NULL,NULL,NULL,NULL,NULL,NULL,NULL,NULL,NULL,NULL,NULL,NULL,NULL,5,1,'2026-06-18 12:32:59.635','2026-06-19 13:53:48.459'),
('cmqjhd8u0003n7opbh5k3n3n7','cmqjhd8n300027opbglx9p8vy',NULL,'esxi-b10',NULL,NULL,NULL,NULL,NULL,NULL,NULL,NULL,NULL,NULL,NULL,NULL,NULL,NULL,6,1,'2026-06-18 12:32:59.640','2026-06-19 13:53:48.460'),
('cmqjhd8u3003p7opbe62qi1qj','cmqjhd8n300027opbglx9p8vy',NULL,'esxi-b11',NULL,NULL,NULL,NULL,NULL,NULL,NULL,NULL,NULL,NULL,NULL,NULL,NULL,NULL,7,1,'2026-06-18 12:32:59.644','2026-06-19 13:53:48.462'),
('cmqjhd8u7003r7opb3b722ksa','cmqjhd8n300027opbglx9p8vy',NULL,'esxi-b12',NULL,NULL,NULL,NULL,NULL,NULL,NULL,NULL,NULL,NULL,NULL,NULL,NULL,NULL,8,1,'2026-06-18 12:32:59.647','2026-06-19 13:53:48.464'),
('cmqjhd8ua003t7opb6jzi7r7u','cmqjhd8n300027opbglx9p8vy',NULL,'esxi-b13',NULL,NULL,NULL,NULL,NULL,NULL,NULL,NULL,NULL,NULL,NULL,NULL,NULL,NULL,9,1,'2026-06-18 12:32:59.650','2026-06-19 13:53:48.466'),
('cmqjhd8ue003v7opb4i9mh18b','cmqjhd8n300027opbglx9p8vy',NULL,'spsexpress',NULL,NULL,NULL,NULL,NULL,NULL,NULL,NULL,NULL,NULL,NULL,NULL,NULL,NULL,10,1,'2026-06-18 12:32:59.654','2026-06-19 13:53:48.468'),
('cmqjhd8uh003x7opbwsg14067','cmqjhd8n800037opbjan75jg6',NULL,'WLC-Huewei-SPS',NULL,NULL,NULL,NULL,NULL,NULL,NULL,NULL,NULL,NULL,NULL,NULL,NULL,NULL,1,1,'2026-06-18 12:32:59.657','2026-06-19 13:53:48.470'),
('cmqjhd8uk003z7opb7tbri05b','cmqjhd8n800037opbjan75jg6',NULL,'WLC-Huewei',NULL,NULL,NULL,NULL,NULL,NULL,NULL,NULL,NULL,NULL,NULL,NULL,NULL,NULL,2,1,'2026-06-18 12:32:59.660','2026-06-19 13:53:48.473'),
('cmqjhd8un00417opbslovc15r','cmqjhd8n800037opbjan75jg6',NULL,'WLC-Cisco',NULL,NULL,NULL,NULL,NULL,NULL,NULL,NULL,NULL,NULL,NULL,NULL,NULL,NULL,3,1,'2026-06-18 12:32:59.663','2026-06-19 13:53:48.475'),
('cmqjhd8uq00437opb1bjs343b','cmqjhd8n800037opbjan75jg6',NULL,'CoreNetwork-SPS',NULL,NULL,NULL,NULL,NULL,NULL,NULL,NULL,NULL,NULL,NULL,NULL,NULL,NULL,4,1,'2026-06-18 12:32:59.666','2026-06-19 13:53:48.477'),
('cmqjhd8ut00457opbdwcp0m30','cmqjhd8n800037opbjan75jg6',NULL,'CoreNetwork-SCH',NULL,NULL,NULL,NULL,NULL,NULL,NULL,NULL,NULL,NULL,NULL,NULL,NULL,NULL,5,1,'2026-06-18 12:32:59.669','2026-06-19 13:53:48.479'),
('cmqjhd8v6004d7opb9ypchruo','cmqjhd8nb00047opbs4jjcrpg',NULL,'BackOffice',NULL,NULL,NULL,NULL,NULL,NULL,NULL,NULL,NULL,NULL,NULL,NULL,NULL,NULL,1,1,'2026-06-18 12:32:59.682','2026-06-19 13:53:48.487'),
('cmqjhd8v9004f7opbjbhgiimh','cmqjhd8nb00047opbs4jjcrpg',NULL,'ERP',NULL,NULL,NULL,NULL,NULL,NULL,NULL,NULL,NULL,NULL,NULL,NULL,NULL,NULL,2,1,'2026-06-18 12:32:59.685','2026-06-19 13:53:48.489'),
('cmqjhd8vc004h7opbbvjh0lsw','cmqjhd8nb00047opbs4jjcrpg',NULL,'HBAC',NULL,NULL,NULL,NULL,NULL,NULL,NULL,NULL,NULL,NULL,NULL,NULL,NULL,NULL,3,1,'2026-06-18 12:32:59.688','2026-06-19 13:53:48.490'),
('cmqjhd8vf004j7opbv1pen2jp','cmqjhd8nb00047opbs4jjcrpg',NULL,'HOMC',NULL,NULL,NULL,NULL,NULL,NULL,NULL,NULL,NULL,NULL,NULL,NULL,NULL,NULL,4,1,'2026-06-18 12:32:59.692','2026-06-19 13:53:48.492'),
('cmqjhd8vi004l7opbf6zs33jx','cmqjhd8nb00047opbs4jjcrpg',NULL,'HOMCPICT',NULL,NULL,NULL,NULL,NULL,NULL,NULL,NULL,NULL,NULL,NULL,NULL,NULL,NULL,5,1,'2026-06-18 12:32:59.695','2026-06-19 13:53:48.494'),
('cmqjhd8vm004n7opbpznh7990','cmqjhd8nb00047opbs4jjcrpg',NULL,'INV',NULL,NULL,NULL,NULL,NULL,NULL,NULL,NULL,NULL,NULL,NULL,NULL,NULL,NULL,6,1,'2026-06-18 12:32:59.698','2026-06-19 13:53:48.496'),
('cmqjhd8vp004p7opbvg1y67ki','cmqjhd8nb00047opbs4jjcrpg',NULL,'Invdent',NULL,NULL,NULL,NULL,NULL,NULL,NULL,NULL,NULL,NULL,NULL,NULL,NULL,NULL,7,1,'2026-06-18 12:32:59.702','2026-06-19 13:53:48.498'),
('cmqjhd8vu004r7opb3rmjy1l5','cmqjhd8nb00047opbs4jjcrpg',NULL,'LABINF',NULL,NULL,NULL,NULL,NULL,NULL,NULL,NULL,NULL,NULL,NULL,NULL,NULL,NULL,8,1,'2026-06-18 12:32:59.706','2026-06-19 13:53:48.500'),
('cmqjhd8vx004t7opbz78oij64','cmqjhd8nb00047opbs4jjcrpg',NULL,'Pharms',NULL,NULL,NULL,NULL,NULL,NULL,NULL,NULL,NULL,NULL,NULL,NULL,NULL,NULL,9,1,'2026-06-18 12:32:59.709','2026-06-19 13:53:48.502'),
('cmqjhd8w0004v7opbg8kaa5ai','cmqjhd8nb00047opbs4jjcrpg',NULL,'Pm2014',NULL,NULL,NULL,NULL,NULL,NULL,NULL,NULL,NULL,NULL,NULL,NULL,NULL,NULL,10,1,'2026-06-18 12:32:59.712','2026-06-19 13:53:48.504'),
('cmqjhd8w3004x7opb3kpiybsx','cmqjhd8nb00047opbs4jjcrpg',NULL,'powerbi',NULL,NULL,NULL,NULL,NULL,NULL,NULL,NULL,NULL,NULL,NULL,NULL,NULL,NULL,11,1,'2026-06-18 12:32:59.715','2026-06-19 13:53:48.506'),
('cmqjhd8w6004z7opbu9bk91t3','cmqjhd8nb00047opbs4jjcrpg',NULL,'PT',NULL,NULL,NULL,NULL,NULL,NULL,NULL,NULL,NULL,NULL,NULL,NULL,NULL,NULL,12,1,'2026-06-18 12:32:59.719','2026-06-19 13:53:48.508'),
('cmqjhd8wa00517opbt6cg29ro','cmqjhd8nb00047opbs4jjcrpg',NULL,'sittibat',NULL,NULL,NULL,NULL,NULL,NULL,NULL,NULL,NULL,NULL,NULL,NULL,NULL,NULL,13,1,'2026-06-18 12:32:59.722','2026-06-19 13:53:48.510'),
('cmqjhd8we00537opb9415syy4','cmqjhd8nb00047opbs4jjcrpg',NULL,'TMAIS',NULL,NULL,NULL,NULL,NULL,NULL,NULL,NULL,NULL,NULL,NULL,NULL,NULL,NULL,14,1,'2026-06-18 12:32:59.726','2026-06-19 13:53:48.512'),
('cmqkquurn0047cudjhjqw3t34','cmqjhd8n800037opbjan75jg6',NULL,'Link Internet WAN1',NULL,NULL,NULL,NULL,NULL,NULL,NULL,NULL,NULL,NULL,NULL,NULL,NULL,NULL,6,1,'2026-06-19 09:46:23.940','2026-06-19 13:53:48.481'),
('cmqkquurq0049cudje0h2e36x','cmqjhd8n800037opbjan75jg6',NULL,'Link Internet WAN2',NULL,NULL,NULL,NULL,NULL,NULL,NULL,NULL,NULL,NULL,NULL,NULL,NULL,NULL,7,1,'2026-06-19 09:46:23.942','2026-06-19 13:53:48.483'),
('cmqkquurs004bcudjmqgviz3o','cmqjhd8n800037opbjan75jg6',NULL,'Link Internet WAN3',NULL,NULL,NULL,NULL,NULL,NULL,NULL,NULL,NULL,NULL,NULL,NULL,NULL,NULL,8,1,'2026-06-19 09:46:23.944','2026-06-19 13:53:48.485');
/*!40000 ALTER TABLE `Asset` ENABLE KEYS */;
UNLOCK TABLES;

LOCK TABLES `SystemSetting` WRITE;
/*!40000 ALTER TABLE `SystemSetting` DISABLE KEYS */;
INSERT INTO `SystemSetting` VALUES
('workload_min_network','5','2026-06-19 12:49:59.232'),
('workload_min_server','5','2026-06-19 12:49:59.232'),
('workload_min_vm','5','2026-06-19 12:49:59.232');
/*!40000 ALTER TABLE `SystemSetting` ENABLE KEYS */;
UNLOCK TABLES;
/*!40103 SET TIME_ZONE=@OLD_TIME_ZONE */;

/*!40101 SET SQL_MODE=@OLD_SQL_MODE */;
/*!40014 SET FOREIGN_KEY_CHECKS=@OLD_FOREIGN_KEY_CHECKS */;
/*!40101 SET CHARACTER_SET_CLIENT=@OLD_CHARACTER_SET_CLIENT */;
/*!40101 SET CHARACTER_SET_RESULTS=@OLD_CHARACTER_SET_RESULTS */;
/*!40101 SET COLLATION_CONNECTION=@OLD_COLLATION_CONNECTION */;
/*M!100616 SET NOTE_VERBOSITY=@OLD_NOTE_VERBOSITY */;

