USE `app_data_center`;
/*M!999999\- enable the sandbox mode */

/*!40101 SET @OLD_CHARACTER_SET_CLIENT=@@CHARACTER_SET_CLIENT */;
/*!40101 SET @OLD_CHARACTER_SET_RESULTS=@@CHARACTER_SET_RESULTS */;
/*!40101 SET @OLD_COLLATION_CONNECTION=@@COLLATION_CONNECTION */;
/*!40101 SET NAMES utf8mb4 */;
/*!40103 SET @OLD_TIME_ZONE=@@TIME_ZONE */;
/*!40103 SET TIME_ZONE='+00:00' */;
/*!40014 SET @OLD_FOREIGN_KEY_CHECKS=@@FOREIGN_KEY_CHECKS, FOREIGN_KEY_CHECKS=0 */;
/*!40101 SET @OLD_SQL_MODE=@@SQL_MODE, SQL_MODE='NO_AUTO_VALUE_ON_ZERO' */;
/*M!100616 SET @OLD_NOTE_VERBOSITY=@@NOTE_VERBOSITY, NOTE_VERBOSITY=0 */;

LOCK TABLES `User` WRITE;
/*!40000 ALTER TABLE `User` DISABLE KEYS */;
INSERT INTO `User` VALUES
('cmqjhd8l400007opbf2wwmhmt','admin','System Administrator','$2a$12$4kySI3s8idPuHJvUe.4b2eJ7czGckTc3nnZLFc79.QEdDAw0DXeeK','ADMIN',1,'นักวิชาการคอมพิวเตอร์','เทคโนโลยีสารสนเทศ','admin@sunpasit.go.th','0885948887',NULL,0,'AF5HKB2QC46XGH2J','2026-06-18 12:32:59.320','2026-06-23 19:49:30.887',0),
('cmqpe9mjg0000ds2g62ryudo6','wutthisak','วุฒิศักดิ์  คำเขื่อง','$2a$12$./fcpgHDylLQDI/9wI.SgOzu4qANlXjZizFDF62aWKA4mpq68t0ZW','OPERATOR',1,NULL,NULL,NULL,NULL,NULL,0,NULL,'2026-06-22 15:52:48.988','2026-06-23 17:51:32.984',0);
/*!40000 ALTER TABLE `User` ENABLE KEYS */;
UNLOCK TABLES;

UPDATE `User`
SET `twoFactorEnabled` = 0,
    `twoFactorSecret` = NULL,
    `mustChangePassword` = 1;

LOCK TABLES `AssetCategory` WRITE;
/*!40000 ALTER TABLE `AssetCategory` DISABLE KEYS */;
INSERT INTO `AssetCategory` VALUES
('cmqjhd8mx00017opbtxrde4vh','VM','Virtual Machines',1),
('cmqjhd8n300027opbglx9p8vy','SERVER','Physical / Host Servers',2),
('cmqjhd8n800037opbjan75jg6','NETWORK','Network Systems',3),
('cmqjhd8nb00047opbs4jjcrpg','BACKUP','Database Backup',5),
('seed-storage-category','STORAGE','Storage Devices',4);
/*!40000 ALTER TABLE `AssetCategory` ENABLE KEYS */;
UNLOCK TABLES;

LOCK TABLES `AssetOption` WRITE;
/*!40000 ALTER TABLE `AssetOption` DISABLE KEYS */;
INSERT INTO `AssetOption` VALUES
('cmqjhd8ne00057opbv9dimn14','DATABASE_TYPE','MySQL',1,'2026-06-18 12:32:59.402','2026-06-30 20:05:04.943'),
('cmqjhd8ni00067opbbvcqelg6','DATABASE_TYPE','SQL Server',2,'2026-06-18 12:32:59.406','2026-06-30 20:05:04.982'),
('cmqjhd8nl00077opbwqxczp1b','DATABASE_TYPE','PostgreSQL',3,'2026-06-18 12:32:59.409','2026-06-30 20:05:04.990'),
('cmqjhd8no00087opbymhx66ub','DATABASE_TYPE','Oracle',4,'2026-06-18 12:32:59.412','2026-06-30 20:05:04.995'),
('cmqjhd8nq00097opb7m95sr7f','DATABASE_TYPE','MariaDB',5,'2026-06-18 12:32:59.415','2026-06-30 20:05:05.000'),
('cmqjhd8nt000a7opb4ws9g384','DATABASE_TYPE','MongoDB',6,'2026-06-18 12:32:59.417','2026-06-30 20:05:05.004'),
('cmqjhd8nw000b7opbl3uf9ybr','DATABASE_TYPE','Redis',7,'2026-06-18 12:32:59.420','2026-06-30 20:05:05.008'),
('cmqjhd8nz000c7opbetv5zzhj','OS_TYPE','Windows',1,'2026-06-18 12:32:59.424','2026-06-30 20:05:05.012'),
('cmqjhd8o2000d7opbfu4y9l2r','OS_TYPE','Ubuntu',2,'2026-06-18 12:32:59.426','2026-06-30 20:05:05.017'),
('cmqjhd8o5000e7opb7pquedy6','OS_TYPE','Rocky',3,'2026-06-18 12:32:59.430','2026-06-30 20:05:05.021'),
('cmqjhd8o8000f7opb3iwlhecd','OS_TYPE','CentOS',4,'2026-06-18 12:32:59.432','2026-06-30 20:05:05.025'),
('cmqjhd8ob000g7opb5i3xuyq9','OS_TYPE','Red Hat',5,'2026-06-18 12:32:59.435','2026-06-30 20:05:05.029'),
('cmqjhd8od000h7opbtcatfmue','OS_TYPE','Debian',6,'2026-06-18 12:32:59.438','2026-06-30 20:05:05.034'),
('cmqkxu2f300007cng4h8m4kln','NETWORK_BRAND','Cisco',1,'2026-06-19 13:01:44.511','2026-06-19 13:01:44.511'),
('cmqkxugbu00037cnglh7phvwu','BUILDING','อาคาร 1',1,'2026-06-19 13:02:02.539','2026-06-19 15:41:58.423'),
('cmqkzf9h7000g7cngri9sn1oi','BUILDING','อาคาร 2',2,'2026-06-19 13:46:13.052','2026-06-19 15:42:03.519'),
('cmqkzfv2l000j7cngsxgvll3p','NETWORK_BRAND','Huawei',2,'2026-06-19 13:46:41.037','2026-06-19 13:46:41.037'),
('cmqkzq1qa00006lguzf1bmxu6','BUILDING','อาคาร 3',3,'2026-06-19 13:54:36.227','2026-06-19 22:42:57.000'),
('cmqkzqi0n00096lguar1bfouy','NETWORK_BRAND','HPE',3,'2026-06-19 13:54:57.335','2026-06-19 13:54:57.335'),
('cmqkzqlzj000c6lgubt4id3ii','NETWORK_BRAND','Aruba',4,'2026-06-19 13:55:02.480','2026-06-19 13:55:02.480'),
('cmqpcjoyx000014jqeo1ceyps','BUILDING','อาคาร 4',4,'2026-06-22 15:04:39.466','2026-06-22 15:04:39.466'),
('cmqpdfxbg000i685r7wxpkjap','DEVICE_TYPE','Switch',1,'2026-06-22 15:29:43.276','2026-06-30 20:05:05.038'),
('cmqpdfxbk000j685rd0j37ys7','DEVICE_TYPE','Access point',2,'2026-06-22 15:29:43.280','2026-06-30 20:05:05.042'),
('cmqpdfxbq000k685ra88nu5vd','DEVICE_TYPE','Router',3,'2026-06-22 15:29:43.286','2026-06-30 20:05:05.046'),
('cmqpdfxbu000l685rt7mvbk5o','DEVICE_TYPE','Firewall',4,'2026-06-22 15:29:43.290','2026-06-30 20:05:05.051'),
('cmqpdrk4t0000hg4uzyjuettt','DEVICE_TYPE','Wireless controllers',5,'2026-06-22 15:38:46.062','2026-06-22 15:38:46.062'),
('cmqx89eny00004pird7e40a69','NETWORK_BRAND','FortiGate',5,'2026-06-28 03:26:50.495','2026-06-28 03:26:50.495'),
('seed-ownership-purchase','ASSET_OWNERSHIP_TYPE','ซื้อ',2,'2026-07-01 10:16:45.153','2026-07-01 10:16:45.153'),
('seed-ownership-rent','ASSET_OWNERSHIP_TYPE','เช่า',1,'2026-07-01 10:16:45.153','2026-07-01 10:16:45.153'),
('seed-storage-device-type-external-usb','STORAGE_DEVICE_TYPE','External USB',3,'2026-07-01 11:16:55.932','2026-07-01 11:16:55.932'),
('seed-storage-device-type-nas','STORAGE_DEVICE_TYPE','NAS',2,'2026-07-01 11:16:55.932','2026-07-01 11:16:55.932'),
('seed-storage-device-type-san','STORAGE_DEVICE_TYPE','SAN',1,'2026-07-01 11:16:55.932','2026-07-01 11:16:55.932');
/*!40000 ALTER TABLE `AssetOption` ENABLE KEYS */;
UNLOCK TABLES;

LOCK TABLES `DataCenter` WRITE;
/*!40000 ALTER TABLE `DataCenter` DISABLE KEYS */;
INSERT INTO `DataCenter` VALUES
('dc-1','Data Center 1','อาคาร A ชั้น 2','ห้อง Data Center 1 - มีแอร์ 4 ตัว',1,1,'2026-06-18 12:32:59.729','2026-06-18 12:32:59.729'),
('dc-2','Data Center 2','อาคาร B ชั้น 1','ห้อง Data Center 2 - มีแอร์ 2 ตัว',2,1,'2026-06-18 12:32:59.735','2026-06-18 12:32:59.735');
/*!40000 ALTER TABLE `DataCenter` ENABLE KEYS */;
UNLOCK TABLES;

LOCK TABLES `InspectionPolicy` WRITE;
/*!40000 ALTER TABLE `InspectionPolicy` DISABLE KEYS */;
INSERT INTO `InspectionPolicy` VALUES
('policy_backup','BACKUP','Backup / Database',1,'ALL',1,NULL,5,'2026-06-29 00:44:54.848','2026-07-01 11:40:30.000'),
('policy_dcroom','DC_ROOM','Data Center Room',2,'MORNING_SHIFT,AFTERNOON_SHIFT',1,NULL,6,'2026-06-29 00:44:54.848','2026-07-01 11:40:30.000'),
('policy_network','NETWORK','Network Device',1,'ALL',1,NULL,3,'2026-06-29 00:44:54.848','2026-06-28 17:47:57.641'),
('policy_server','SERVER','Host Server',1,'ALL',1,NULL,2,'2026-06-29 00:44:54.848','2026-06-28 17:47:52.978'),
('policy_storage','STORAGE','Storage Device',1,'ALL',1,NULL,4,'2026-07-01 11:40:30.659','2026-07-01 05:24:56.252'),
('policy_vm','VM','VM Host',1,'ALL',1,NULL,1,'2026-06-29 00:44:54.848','2026-06-28 17:47:44.228');
/*!40000 ALTER TABLE `InspectionPolicy` ENABLE KEYS */;
UNLOCK TABLES;

LOCK TABLES `SystemSetting` WRITE;
/*!40000 ALTER TABLE `SystemSetting` DISABLE KEYS */;
INSERT INTO `SystemSetting` VALUES
('workload_min_network','5','2026-06-19 12:49:59.232'),
('workload_min_server','5','2026-06-19 12:49:59.232'),
('workload_min_vm','5','2026-06-19 12:49:59.232');
/*!40000 ALTER TABLE `SystemSetting` ENABLE KEYS */;
UNLOCK TABLES;

LOCK TABLES `BackupJob` WRITE;
/*!40000 ALTER TABLE `BackupJob` DISABLE KEYS */;
INSERT INTO `BackupJob` VALUES
('cmqy3w39j000014qej5e2g1th','HIS','HIS','FULL','SQLSRV1','SAPH2','SQL Script','DAILY','OFFICE_HOURS','HIGH',1,NULL,1,'2026-06-28 18:12:16.903','2026-06-28 18:39:23.601');
/*!40000 ALTER TABLE `BackupJob` ENABLE KEYS */;
UNLOCK TABLES;

LOCK TABLES `BackupJobItem` WRITE;
/*!40000 ALTER TABLE `BackupJobItem` DISABLE KEYS */;
INSERT INTO `BackupJobItem` VALUES
('cmqy4tsdr0001gectmzgjs5mk','cmqy3w39j000014qej5e2g1th','DATABASE','ASSET_BACKUP','cmqjhd8vf004j7opbv1pen2jp','HOMC',NULL,1,1,'2026-06-28 18:38:29.104','2026-06-28 18:38:29.104'),
('cmqy4ue8o0003gectb9q6t8e6','cmqy3w39j000014qej5e2g1th','DATABASE','ASSET_BACKUP','cmqjhd8v6004d7opb9ypchruo','BackOffice',NULL,1,2,'2026-06-28 18:38:57.433','2026-06-28 18:38:57.433'),
('cmqy675ak0006f90a7069zrwu','cmqy3w39j000014qej5e2g1th','DATABASE','ASSET_BACKUP','cmqjhd8v9004f7opbjbhgiimh','ERP',NULL,1,3,'2026-06-28 19:16:51.980','2026-06-28 19:16:51.980'),
('cmqy67ceu0008f90ash07wxlg','cmqy3w39j000014qej5e2g1th','DATABASE','ASSET_BACKUP','cmqjhd8vc004h7opbbvjh0lsw','HBAC',NULL,1,4,'2026-06-28 19:17:01.206','2026-06-28 19:17:01.206');
/*!40000 ALTER TABLE `BackupJobItem` ENABLE KEYS */;
UNLOCK TABLES;

LOCK TABLES `Asset` WRITE;
/*!40000 ALTER TABLE `Asset` DISABLE KEYS */;
INSERT INTO `Asset` VALUES
('cmqjhd8og000j7opbpx62gtfm','cmqjhd8mx00017opbtxrde4vh',NULL,'API-LABUBON',NULL,NULL,'Ubuntu','8 Core','16 GB','500 GB',NULL,NULL,'Data Center 1',NULL,NULL,NULL,NULL,NULL,NULL,1,1,'2026-06-18 12:32:59.441','2026-07-01 02:48:06.450',NULL),
('cmqjhd8ol000l7opbm5gzjbv8','cmqjhd8mx00017opbtxrde4vh',NULL,'API-Manage',NULL,NULL,NULL,NULL,NULL,NULL,NULL,NULL,NULL,NULL,NULL,NULL,NULL,NULL,NULL,2,1,'2026-06-18 12:32:59.445','2026-06-22 05:40:48.704',NULL),
('cmqjhd8oq000n7opbr954y3b8','cmqjhd8mx00017opbtxrde4vh',NULL,'API-node1',NULL,NULL,NULL,NULL,NULL,NULL,NULL,NULL,NULL,NULL,NULL,NULL,NULL,NULL,NULL,3,1,'2026-06-18 12:32:59.450','2026-06-22 05:40:48.709',NULL),
('cmqjhd8ou000p7opbj2a87kav','cmqjhd8mx00017opbtxrde4vh',NULL,'API-node1',NULL,NULL,NULL,NULL,NULL,NULL,NULL,NULL,NULL,NULL,NULL,NULL,NULL,NULL,NULL,4,1,'2026-06-18 12:32:59.455','2026-06-22 05:40:48.712',NULL),
('cmqjhd8oy000r7opb5vntms3b','cmqjhd8mx00017opbtxrde4vh',NULL,'BMC',NULL,NULL,NULL,NULL,NULL,NULL,NULL,NULL,NULL,NULL,NULL,NULL,NULL,NULL,NULL,5,1,'2026-06-18 12:32:59.458','2026-06-22 05:40:48.715',NULL),
('cmqjhd8p1000t7opb61lr0vp6','cmqjhd8mx00017opbtxrde4vh',NULL,'BunkerWeb-01',NULL,NULL,NULL,NULL,NULL,NULL,NULL,NULL,NULL,NULL,NULL,NULL,NULL,NULL,NULL,6,1,'2026-06-18 12:32:59.461','2026-06-22 05:40:48.719',NULL),
('cmqjhd8p4000v7opbgt0blm4u','cmqjhd8mx00017opbtxrde4vh',NULL,'CardioSRV',NULL,NULL,NULL,NULL,NULL,NULL,NULL,NULL,NULL,NULL,NULL,NULL,NULL,NULL,NULL,7,1,'2026-06-18 12:32:59.464','2026-06-22 05:40:48.722',NULL),
('cmqjhd8p7000x7opbwnynasv5','cmqjhd8mx00017opbtxrde4vh',NULL,'Control-Cluster',NULL,NULL,NULL,NULL,NULL,NULL,NULL,NULL,NULL,NULL,NULL,NULL,NULL,NULL,NULL,8,1,'2026-06-18 12:32:59.467','2026-06-22 05:40:48.725',NULL),
('cmqjhd8pa000z7opbb72rhnrt','cmqjhd8mx00017opbtxrde4vh',NULL,'Daychaserver',NULL,NULL,NULL,NULL,NULL,NULL,NULL,NULL,NULL,NULL,NULL,NULL,NULL,NULL,NULL,9,1,'2026-06-18 12:32:59.471','2026-06-22 05:40:48.727',NULL),
('cmqjhd8pd00117opbwzub5luq','cmqjhd8mx00017opbtxrde4vh',NULL,'DB01',NULL,NULL,NULL,NULL,NULL,NULL,NULL,NULL,NULL,NULL,NULL,NULL,NULL,NULL,NULL,10,1,'2026-06-18 12:32:59.474','2026-06-22 05:40:48.730',NULL),
('cmqjhd8ph00137opbxy0hsh2a','cmqjhd8mx00017opbtxrde4vh',NULL,'DB02',NULL,NULL,NULL,NULL,NULL,NULL,NULL,NULL,NULL,NULL,NULL,NULL,NULL,NULL,NULL,11,1,'2026-06-18 12:32:59.477','2026-06-22 05:40:48.732',NULL),
('cmqjhd8pl00157opbintvaczg','cmqjhd8mx00017opbtxrde4vh',NULL,'DC1',NULL,NULL,NULL,NULL,NULL,NULL,NULL,NULL,NULL,NULL,NULL,NULL,NULL,NULL,NULL,12,1,'2026-06-18 12:32:59.481','2026-06-22 05:40:48.735',NULL),
('cmqjhd8pp00177opb46idvwx1','cmqjhd8mx00017opbtxrde4vh',NULL,'DC2',NULL,NULL,NULL,NULL,NULL,NULL,NULL,NULL,NULL,NULL,NULL,NULL,NULL,NULL,NULL,13,1,'2026-06-18 12:32:59.486','2026-06-22 05:40:48.737',NULL),
('cmqjhd8pt00197opbhehwlk6b','cmqjhd8mx00017opbtxrde4vh',NULL,'DHC01',NULL,NULL,NULL,NULL,NULL,NULL,NULL,NULL,NULL,NULL,NULL,NULL,NULL,NULL,NULL,14,1,'2026-06-18 12:32:59.489','2026-06-22 05:40:48.740',NULL),
('cmqjhd8px001b7opb74oiikgf','cmqjhd8mx00017opbtxrde4vh',NULL,'DMS-API',NULL,NULL,NULL,NULL,NULL,NULL,NULL,NULL,NULL,NULL,NULL,NULL,NULL,NULL,NULL,15,1,'2026-06-18 12:32:59.493','2026-06-22 05:40:48.742',NULL),
('cmqjhd8q0001d7opb0m0s821f','cmqjhd8mx00017opbtxrde4vh',NULL,'eSight-A',NULL,NULL,NULL,NULL,NULL,NULL,NULL,NULL,NULL,NULL,NULL,NULL,NULL,NULL,NULL,16,1,'2026-06-18 12:32:59.497','2026-06-22 05:40:48.745',NULL),
('cmqjhd8q4001f7opbsuaqd7gq','cmqjhd8mx00017opbtxrde4vh',NULL,'eSight-A',NULL,NULL,NULL,NULL,NULL,NULL,NULL,NULL,NULL,NULL,NULL,NULL,NULL,NULL,NULL,17,1,'2026-06-18 12:32:59.500','2026-06-22 05:40:48.747',NULL),
('cmqjhd8q7001h7opby4ifw97f','cmqjhd8mx00017opbtxrde4vh',NULL,'HPE_SSMC',NULL,NULL,NULL,NULL,NULL,NULL,NULL,NULL,NULL,NULL,NULL,NULL,NULL,NULL,NULL,18,1,'2026-06-18 12:32:59.504','2026-06-22 05:40:48.750',NULL),
('cmqjhd8qb001j7opbcrtjkm1m','cmqjhd8mx00017opbtxrde4vh',NULL,'ILO Amplifier',NULL,NULL,NULL,NULL,NULL,NULL,NULL,NULL,NULL,NULL,NULL,NULL,NULL,NULL,NULL,19,1,'2026-06-18 12:32:59.507','2026-06-22 05:40:48.754',NULL),
('cmqjhd8qg001l7opbi7y6c66c','cmqjhd8mx00017opbtxrde4vh',NULL,'ImageSRV01',NULL,NULL,NULL,NULL,NULL,NULL,NULL,NULL,NULL,NULL,NULL,NULL,NULL,NULL,NULL,20,1,'2026-06-18 12:32:59.512','2026-06-22 05:40:48.757',NULL),
('cmqjhd8qj001n7opb2hb4khsz','cmqjhd8mx00017opbtxrde4vh',NULL,'intra',NULL,NULL,NULL,NULL,NULL,NULL,NULL,NULL,NULL,NULL,NULL,NULL,NULL,NULL,NULL,21,1,'2026-06-18 12:32:59.516','2026-06-22 05:40:48.761',NULL),
('cmqjhd8qn001p7opbvbi8g5hx','cmqjhd8mx00017opbtxrde4vh',NULL,'Jaynlab',NULL,NULL,NULL,NULL,NULL,NULL,NULL,NULL,NULL,NULL,NULL,NULL,NULL,NULL,NULL,22,1,'2026-06-18 12:32:59.520','2026-06-22 05:40:48.765',NULL),
('cmqjhd8qr001r7opbnh2u7hfs','cmqjhd8mx00017opbtxrde4vh',NULL,'Mail',NULL,NULL,NULL,NULL,NULL,NULL,NULL,NULL,NULL,NULL,NULL,NULL,NULL,NULL,NULL,23,1,'2026-06-18 12:32:59.523','2026-06-22 05:40:48.769',NULL),
('cmqjhd8qu001t7opbtwbbneil','cmqjhd8mx00017opbtxrde4vh',NULL,'MySQL-Master1',NULL,NULL,NULL,NULL,NULL,NULL,NULL,NULL,NULL,NULL,NULL,NULL,NULL,NULL,NULL,24,1,'2026-06-18 12:32:59.527','2026-06-22 05:40:48.772',NULL),
('cmqjhd8qy001v7opbhpw318gf','cmqjhd8mx00017opbtxrde4vh',NULL,'Nginx-Proxy01',NULL,NULL,NULL,NULL,NULL,NULL,NULL,NULL,NULL,NULL,NULL,NULL,NULL,NULL,NULL,25,1,'2026-06-18 12:32:59.530','2026-06-22 05:40:48.776',NULL),
('cmqjhd8r1001x7opbhodt8wv5','cmqjhd8mx00017opbtxrde4vh',NULL,'Nginx-Proxy02',NULL,NULL,NULL,NULL,NULL,NULL,NULL,NULL,NULL,NULL,NULL,NULL,NULL,NULL,NULL,26,1,'2026-06-18 12:32:59.533','2026-06-22 05:40:48.780',NULL),
('cmqjhd8r4001z7opbhp076hly','cmqjhd8mx00017opbtxrde4vh',NULL,'NodeJs01',NULL,NULL,NULL,NULL,NULL,NULL,NULL,NULL,NULL,NULL,NULL,NULL,NULL,NULL,NULL,27,1,'2026-06-18 12:32:59.536','2026-06-22 05:40:48.784',NULL),
('cmqjhd8r700217opbs2hlzha1','cmqjhd8mx00017opbtxrde4vh',NULL,'NodeJs02',NULL,NULL,NULL,NULL,NULL,NULL,NULL,NULL,NULL,NULL,NULL,NULL,NULL,NULL,NULL,28,1,'2026-06-18 12:32:59.540','2026-06-22 05:40:48.787',NULL),
('cmqjhd8rc00237opbg585nyu4','cmqjhd8mx00017opbtxrde4vh',NULL,'NPS01',NULL,NULL,NULL,NULL,NULL,NULL,NULL,NULL,NULL,NULL,NULL,NULL,NULL,NULL,NULL,29,1,'2026-06-18 12:32:59.545','2026-06-22 05:40:48.790',NULL),
('cmqjhd8rg00257opbmxqrfb5u','cmqjhd8mx00017opbtxrde4vh',NULL,'NPS02',NULL,NULL,NULL,NULL,NULL,NULL,NULL,NULL,NULL,NULL,NULL,NULL,NULL,NULL,NULL,30,1,'2026-06-18 12:32:59.548','2026-06-22 05:40:48.793',NULL),
('cmqjhd8rj00277opb2lk9cvw9','cmqjhd8mx00017opbtxrde4vh',NULL,'PFRadius',NULL,NULL,NULL,NULL,NULL,NULL,NULL,NULL,NULL,NULL,NULL,NULL,NULL,NULL,NULL,31,1,'2026-06-18 12:32:59.551','2026-06-22 05:40:48.796',NULL),
('cmqjhd8rm00297opbytj4kvdd','cmqjhd8mx00017opbtxrde4vh',NULL,'Programmer-CNT',NULL,NULL,NULL,NULL,NULL,NULL,NULL,NULL,NULL,NULL,NULL,NULL,NULL,NULL,NULL,32,1,'2026-06-18 12:32:59.554','2026-06-22 05:40:48.798',NULL),
('cmqjhd8rp002b7opbky7e01h7','cmqjhd8mx00017opbtxrde4vh',NULL,'Proxy-web',NULL,NULL,NULL,NULL,NULL,NULL,NULL,NULL,NULL,NULL,NULL,NULL,NULL,NULL,NULL,33,1,'2026-06-18 12:32:59.558','2026-06-22 05:40:48.801',NULL),
('cmqjhd8rs002d7opbt22motbi','cmqjhd8mx00017opbtxrde4vh',NULL,'R-LB01',NULL,NULL,NULL,NULL,NULL,NULL,NULL,NULL,NULL,NULL,NULL,NULL,NULL,NULL,NULL,34,1,'2026-06-18 12:32:59.561','2026-06-22 05:40:48.803',NULL),
('cmqjhd8rv002f7opbl6hd6zeu','cmqjhd8mx00017opbtxrde4vh',NULL,'R-LB02',NULL,NULL,NULL,NULL,NULL,NULL,NULL,NULL,NULL,NULL,NULL,NULL,NULL,NULL,NULL,35,1,'2026-06-18 12:32:59.563','2026-06-22 05:40:48.806',NULL),
('cmqjhd8rz002h7opb3s6owhgr','cmqjhd8mx00017opbtxrde4vh',NULL,'Research_SRV',NULL,NULL,NULL,NULL,NULL,NULL,NULL,NULL,NULL,NULL,NULL,NULL,NULL,NULL,NULL,36,1,'2026-06-18 12:32:59.567','2026-06-22 05:40:48.809',NULL),
('cmqjhd8s3002j7opblx3ye4fs','cmqjhd8mx00017opbtxrde4vh',NULL,'RFIDW10',NULL,NULL,NULL,NULL,NULL,NULL,NULL,NULL,NULL,NULL,NULL,NULL,NULL,NULL,NULL,37,1,'2026-06-18 12:32:59.571','2026-06-22 05:40:48.811',NULL),
('cmqjhd8s6002l7opbvsuxkj8t','cmqjhd8mx00017opbtxrde4vh',NULL,'saph2',NULL,NULL,NULL,NULL,NULL,NULL,NULL,NULL,NULL,NULL,NULL,NULL,NULL,NULL,NULL,38,1,'2026-06-18 12:32:59.575','2026-06-22 05:40:48.814',NULL),
('cmqjhd8sa002n7opbef5gbdn6','cmqjhd8mx00017opbtxrde4vh',NULL,'SPS-Radius01',NULL,NULL,NULL,NULL,NULL,NULL,NULL,NULL,NULL,NULL,NULL,NULL,NULL,NULL,NULL,39,1,'2026-06-18 12:32:59.578','2026-06-22 05:40:48.816',NULL),
('cmqjhd8sd002p7opbaz6xlga3','cmqjhd8mx00017opbtxrde4vh',NULL,'SQLSRV1',NULL,NULL,NULL,NULL,NULL,NULL,NULL,NULL,NULL,NULL,NULL,NULL,NULL,NULL,NULL,40,1,'2026-06-18 12:32:59.581','2026-06-22 05:40:48.820',NULL),
('cmqjhd8sg002r7opbvko728gr','cmqjhd8mx00017opbtxrde4vh',NULL,'SQLSRV2',NULL,NULL,NULL,NULL,NULL,NULL,NULL,NULL,NULL,NULL,NULL,NULL,NULL,NULL,NULL,41,1,'2026-06-18 12:32:59.584','2026-06-22 05:40:48.822',NULL),
('cmqjhd8sk002t7opb4bfn2dsi','cmqjhd8mx00017opbtxrde4vh',NULL,'SQLSRV4',NULL,NULL,NULL,NULL,NULL,NULL,NULL,NULL,NULL,NULL,NULL,NULL,NULL,NULL,NULL,42,1,'2026-06-18 12:32:59.588','2026-06-22 05:40:48.826',NULL),
('cmqjhd8sn002v7opbtij1kxhj','cmqjhd8mx00017opbtxrde4vh',NULL,'tomcat',NULL,NULL,NULL,NULL,NULL,NULL,NULL,NULL,NULL,NULL,NULL,NULL,NULL,NULL,NULL,43,1,'2026-06-18 12:32:59.591','2026-06-22 05:40:48.828',NULL),
('cmqjhd8sq002x7opbmvxnho1l','cmqjhd8mx00017opbtxrde4vh',NULL,'UbonSystem',NULL,NULL,NULL,NULL,NULL,NULL,NULL,NULL,NULL,NULL,NULL,NULL,NULL,NULL,NULL,44,1,'2026-06-18 12:32:59.595','2026-06-22 05:40:48.832',NULL),
('cmqjhd8sv002z7opbmwm2qih8','cmqjhd8mx00017opbtxrde4vh',NULL,'Web-MEC',NULL,NULL,NULL,NULL,NULL,NULL,NULL,NULL,NULL,NULL,NULL,NULL,NULL,NULL,NULL,45,1,'2026-06-18 12:32:59.600','2026-06-22 05:40:48.835',NULL),
('cmqjhd8sz00317opbhnwuts0v','cmqjhd8mx00017opbtxrde4vh',NULL,'Web-Service-OLD',NULL,NULL,NULL,NULL,NULL,NULL,NULL,NULL,NULL,NULL,NULL,NULL,NULL,NULL,NULL,46,1,'2026-06-18 12:32:59.603','2026-06-22 05:40:48.837',NULL),
('cmqjhd8t300337opb2m9rq8n2','cmqjhd8mx00017opbtxrde4vh',NULL,'Web-SunpasitNEW',NULL,NULL,NULL,NULL,NULL,NULL,NULL,NULL,NULL,NULL,NULL,NULL,NULL,NULL,NULL,47,1,'2026-06-18 12:32:59.607','2026-06-22 05:40:48.842',NULL),
('cmqjhd8t600357opb0ap0kgjx','cmqjhd8mx00017opbtxrde4vh',NULL,'WebMedia',NULL,NULL,NULL,NULL,NULL,NULL,NULL,NULL,NULL,NULL,NULL,NULL,NULL,NULL,NULL,48,1,'2026-06-18 12:32:59.610','2026-06-22 05:40:48.846',NULL),
('cmqjhd8t800377opba8v00e8t','cmqjhd8mx00017opbtxrde4vh',NULL,'WebService',NULL,NULL,NULL,NULL,NULL,NULL,NULL,NULL,NULL,NULL,NULL,NULL,NULL,NULL,NULL,49,1,'2026-06-18 12:32:59.613','2026-06-22 05:40:48.850',NULL),
('cmqjhd8tb00397opb006o1m6a','cmqjhd8mx00017opbtxrde4vh',NULL,'WebSunpasit',NULL,NULL,NULL,NULL,NULL,NULL,NULL,NULL,NULL,NULL,NULL,NULL,NULL,NULL,NULL,50,1,'2026-06-18 12:32:59.615','2026-06-22 05:40:48.854',NULL),
('cmqjhd8te003b7opbm647hf0o','cmqjhd8mx00017opbtxrde4vh',NULL,'MQTT01-SRV',NULL,NULL,NULL,NULL,NULL,NULL,NULL,NULL,NULL,NULL,NULL,NULL,NULL,NULL,NULL,51,1,'2026-06-18 12:32:59.618','2026-06-22 05:40:48.857',NULL),
('cmqjhd8th003d7opbspeimvez','cmqjhd8n300027opbglx9p8vy',NULL,'esxi-b1',NULL,NULL,NULL,'16 Core','128 GB','480 GB',NULL,NULL,NULL,NULL,NULL,NULL,NULL,NULL,NULL,1,1,'2026-06-18 12:32:59.621','2026-06-26 14:06:36.187',NULL),
('cmqjhd8tm003f7opb7tuvcep3','cmqjhd8n300027opbglx9p8vy',NULL,'esxi-b2',NULL,NULL,NULL,NULL,NULL,NULL,NULL,NULL,NULL,NULL,NULL,NULL,NULL,NULL,NULL,2,1,'2026-06-18 12:32:59.626','2026-06-22 05:40:48.865',NULL),
('cmqjhd8tp003h7opburbvpch0','cmqjhd8n300027opbglx9p8vy',NULL,'esxi-b3',NULL,NULL,NULL,NULL,NULL,NULL,NULL,NULL,NULL,NULL,NULL,NULL,NULL,NULL,NULL,3,1,'2026-06-18 12:32:59.630','2026-06-22 05:40:48.869',NULL),
('cmqjhd8ts003j7opb3hsw2der','cmqjhd8n300027opbglx9p8vy',NULL,'esxi-b4',NULL,NULL,NULL,NULL,NULL,NULL,NULL,NULL,NULL,NULL,NULL,NULL,NULL,NULL,NULL,4,1,'2026-06-18 12:32:59.633','2026-06-22 05:40:48.872',NULL),
('cmqjhd8tv003l7opbi5lclkaj','cmqjhd8n300027opbglx9p8vy',NULL,'esxi-b9',NULL,NULL,NULL,NULL,NULL,NULL,NULL,NULL,NULL,NULL,NULL,NULL,NULL,NULL,NULL,5,1,'2026-06-18 12:32:59.635','2026-06-22 05:40:48.876',NULL),
('cmqjhd8u0003n7opbh5k3n3n7','cmqjhd8n300027opbglx9p8vy',NULL,'esxi-b10',NULL,NULL,NULL,NULL,NULL,NULL,NULL,NULL,NULL,NULL,NULL,NULL,NULL,NULL,NULL,6,1,'2026-06-18 12:32:59.640','2026-06-22 05:40:48.880',NULL),
('cmqjhd8u3003p7opbe62qi1qj','cmqjhd8n300027opbglx9p8vy',NULL,'esxi-b11',NULL,NULL,NULL,NULL,NULL,NULL,NULL,NULL,NULL,NULL,NULL,NULL,NULL,NULL,NULL,7,1,'2026-06-18 12:32:59.644','2026-06-22 05:40:48.882',NULL),
('cmqjhd8u7003r7opb3b722ksa','cmqjhd8n300027opbglx9p8vy',NULL,'esxi-b12',NULL,NULL,NULL,NULL,NULL,NULL,NULL,NULL,NULL,NULL,NULL,NULL,NULL,NULL,NULL,8,1,'2026-06-18 12:32:59.647','2026-06-22 05:40:48.885',NULL),
('cmqjhd8ua003t7opb6jzi7r7u','cmqjhd8n300027opbglx9p8vy',NULL,'esxi-b13',NULL,NULL,NULL,NULL,NULL,NULL,NULL,NULL,NULL,NULL,NULL,NULL,NULL,NULL,NULL,9,1,'2026-06-18 12:32:59.650','2026-06-22 05:40:48.888',NULL),
('cmqjhd8ue003v7opb4i9mh18b','cmqjhd8n300027opbglx9p8vy',NULL,'spsexpress',NULL,NULL,NULL,NULL,NULL,NULL,NULL,NULL,NULL,NULL,NULL,NULL,NULL,NULL,NULL,10,1,'2026-06-18 12:32:59.654','2026-06-22 05:40:48.890',NULL),
('cmqjhd8uh003x7opbwsg14067','cmqjhd8n800037opbjan75jg6',NULL,'WLC-Huewei-SPS',NULL,NULL,NULL,NULL,NULL,NULL,NULL,NULL,NULL,NULL,NULL,NULL,NULL,NULL,NULL,1,1,'2026-06-18 12:32:59.657','2026-06-22 05:40:48.892','Access point'),
('cmqjhd8uk003z7opb7tbri05b','cmqjhd8n800037opbjan75jg6',NULL,'WLC-Huewei',NULL,NULL,NULL,NULL,NULL,NULL,NULL,NULL,NULL,NULL,NULL,NULL,NULL,NULL,NULL,2,1,'2026-06-18 12:32:59.660','2026-06-22 05:40:48.895','Access point'),
('cmqjhd8un00417opbslovc15r','cmqjhd8n800037opbjan75jg6',NULL,'WLC-Cisco','1800','Cisco',NULL,NULL,NULL,NULL,NULL,'192.168.1.1','Data Center 1',NULL,'อาคาร 1','5','2012-09-14 17:00:00.000',NULL,NULL,3,1,'2026-06-18 12:32:59.663','2026-06-22 15:40:06.844','Wireless controllers'),
('cmqjhd8uq00437opb1bjs343b','cmqjhd8n800037opbjan75jg6',NULL,'CoreNetwork-SPS',NULL,NULL,NULL,NULL,NULL,NULL,NULL,NULL,NULL,NULL,NULL,NULL,NULL,NULL,NULL,4,1,'2026-06-18 12:32:59.666','2026-06-22 05:40:48.902','Switch'),
('cmqjhd8ut00457opbdwcp0m30','cmqjhd8n800037opbjan75jg6',NULL,'CoreNetwork-SCH',NULL,NULL,NULL,NULL,NULL,NULL,NULL,NULL,NULL,NULL,NULL,NULL,NULL,NULL,NULL,5,1,'2026-06-18 12:32:59.669','2026-06-27 17:26:46.571','Switch'),
('cmqjhd8v6004d7opb9ypchruo','cmqjhd8nb00047opbs4jjcrpg',NULL,'BackOffice',NULL,NULL,NULL,NULL,NULL,NULL,NULL,NULL,NULL,NULL,NULL,NULL,NULL,'SQL Server',NULL,1,1,'2026-06-18 12:32:59.682','2026-06-30 19:29:03.393',NULL),
('cmqjhd8v9004f7opbjbhgiimh','cmqjhd8nb00047opbs4jjcrpg',NULL,'ERP',NULL,NULL,NULL,NULL,NULL,NULL,NULL,NULL,NULL,NULL,NULL,NULL,NULL,NULL,NULL,2,1,'2026-06-18 12:32:59.685','2026-06-22 05:40:48.920',NULL),
('cmqjhd8vc004h7opbbvjh0lsw','cmqjhd8nb00047opbs4jjcrpg',NULL,'HBAC',NULL,NULL,NULL,NULL,NULL,NULL,NULL,NULL,NULL,NULL,NULL,NULL,NULL,NULL,NULL,3,1,'2026-06-18 12:32:59.688','2026-06-22 05:40:48.923',NULL),
('cmqjhd8vf004j7opbv1pen2jp','cmqjhd8nb00047opbs4jjcrpg',NULL,'HOMC',NULL,NULL,NULL,NULL,NULL,NULL,NULL,NULL,NULL,NULL,NULL,NULL,NULL,NULL,NULL,4,1,'2026-06-18 12:32:59.692','2026-06-22 05:40:48.927',NULL),
('cmqjhd8vi004l7opbf6zs33jx','cmqjhd8nb00047opbs4jjcrpg',NULL,'HOMCPICT',NULL,NULL,NULL,NULL,NULL,NULL,NULL,NULL,NULL,NULL,NULL,NULL,NULL,NULL,NULL,5,1,'2026-06-18 12:32:59.695','2026-06-22 05:40:48.930',NULL),
('cmqjhd8vm004n7opbpznh7990','cmqjhd8nb00047opbs4jjcrpg',NULL,'INV',NULL,NULL,NULL,NULL,NULL,NULL,NULL,NULL,NULL,NULL,NULL,NULL,NULL,NULL,NULL,6,1,'2026-06-18 12:32:59.698','2026-06-22 05:40:48.933',NULL),
('cmqjhd8vp004p7opbvg1y67ki','cmqjhd8nb00047opbs4jjcrpg',NULL,'Invdent',NULL,NULL,NULL,NULL,NULL,NULL,NULL,NULL,NULL,NULL,NULL,NULL,NULL,NULL,NULL,7,1,'2026-06-18 12:32:59.702','2026-06-22 05:40:48.937',NULL),
('cmqjhd8vu004r7opb3rmjy1l5','cmqjhd8nb00047opbs4jjcrpg',NULL,'LABINF',NULL,NULL,NULL,NULL,NULL,NULL,NULL,NULL,NULL,NULL,NULL,NULL,NULL,NULL,NULL,8,1,'2026-06-18 12:32:59.706','2026-06-22 05:40:48.941',NULL),
('cmqjhd8vx004t7opbz78oij64','cmqjhd8nb00047opbs4jjcrpg',NULL,'Pharms',NULL,NULL,NULL,NULL,NULL,NULL,NULL,NULL,NULL,NULL,NULL,NULL,NULL,NULL,NULL,9,1,'2026-06-18 12:32:59.709','2026-06-22 05:40:48.945',NULL),
('cmqjhd8w0004v7opbg8kaa5ai','cmqjhd8nb00047opbs4jjcrpg',NULL,'Pm2014',NULL,NULL,NULL,NULL,NULL,NULL,NULL,NULL,NULL,NULL,NULL,NULL,NULL,NULL,NULL,10,1,'2026-06-18 12:32:59.712','2026-06-22 05:40:48.948',NULL),
('cmqjhd8w3004x7opb3kpiybsx','cmqjhd8nb00047opbs4jjcrpg',NULL,'powerbi',NULL,NULL,NULL,NULL,NULL,NULL,NULL,NULL,NULL,NULL,NULL,NULL,NULL,NULL,NULL,11,1,'2026-06-18 12:32:59.715','2026-06-22 05:40:48.952',NULL),
('cmqjhd8w6004z7opbu9bk91t3','cmqjhd8nb00047opbs4jjcrpg',NULL,'PT',NULL,NULL,NULL,NULL,NULL,NULL,NULL,NULL,NULL,NULL,NULL,NULL,NULL,NULL,NULL,12,1,'2026-06-18 12:32:59.719','2026-06-22 05:40:48.956',NULL),
('cmqjhd8wa00517opbt6cg29ro','cmqjhd8nb00047opbs4jjcrpg',NULL,'sittibat',NULL,NULL,NULL,NULL,NULL,NULL,NULL,NULL,NULL,NULL,NULL,NULL,NULL,NULL,NULL,13,1,'2026-06-18 12:32:59.722','2026-06-22 05:40:48.959',NULL),
('cmqjhd8we00537opb9415syy4','cmqjhd8nb00047opbs4jjcrpg',NULL,'TMAIS',NULL,NULL,NULL,NULL,NULL,NULL,NULL,NULL,NULL,NULL,NULL,NULL,NULL,NULL,NULL,14,1,'2026-06-18 12:32:59.726','2026-06-22 05:40:48.961',NULL),
('cmqy5071w0005gectm342wl50','cmqjhd8n800037opbjan75jg6',NULL,'Firewall F2500G','2500E','FortiGate',NULL,NULL,NULL,NULL,NULL,'192.168.128.83','Data Center 1','ซื้อ','อาคาร 4','5','2021-09-14 00:00:00.000',NULL,NULL,6,1,'2026-06-28 18:43:28.053','2026-07-01 03:47:39.080','Firewall'),
('cmr1k4x070001ku58z2ax7gfm','seed-storage-category',NULL,'3PAR-7200','7200','HPE',NULL,NULL,NULL,'60 TB',NULL,'192.168.28.50','Data Center 1','ซื้อ',NULL,NULL,NULL,NULL,NULL,1,1,'2026-07-01 04:10:21.079','2026-07-01 04:10:21.079','SAN');
/*!40000 ALTER TABLE `Asset` ENABLE KEYS */;
UNLOCK TABLES;

LOCK TABLES `ChecklistCategory` WRITE;
/*!40000 ALTER TABLE `ChecklistCategory` DISABLE KEYS */;
INSERT INTO `ChecklistCategory` VALUES
('cmqjhd8wr00557opbtww584ah','ระบบทำความเย็น','dc-1',1,1,'2026-06-18 12:32:59.739','2026-06-30 20:05:05.064'),
('cmqjhd8xd005h7opbu3czb9xp','ระบบควบคุมการเข้าออก','dc-1',2,1,'2026-06-18 12:32:59.761','2026-06-30 20:05:05.093'),
('cmqjhd8xo005l7opbuo06ut6n','ระบบบันทึกภาพการเข้า-ออก','dc-1',3,1,'2026-06-18 12:32:59.772','2026-06-30 20:05:05.102'),
('cmqjhd8xv005p7opbqb2uzxmx','อุปกรณ์ป้องกันเครือข่าย','dc-1',4,1,'2026-06-18 12:32:59.779','2026-06-30 20:05:05.110'),
('cmqjhd8y2005t7opbag8m1h7l','อุปกรณ์กระจายสัญญาณหลัก','dc-1',5,1,'2026-06-18 12:32:59.786','2026-06-30 20:05:05.119'),
('cmqjhd8y7005x7opbbhcmxmg4','ระบบทำความเย็น','dc-2',1,1,'2026-06-18 12:32:59.792','2026-06-30 20:05:05.127'),
('cmqjhd8yl00657opbybysnong','ระบบควบคุมการเข้าออก','dc-2',2,1,'2026-06-18 12:32:59.805','2026-06-30 20:05:05.146'),
('cmqjhd8ys00697opbs2602i8n','ระบบบันทึกภาพการเข้า-ออก','dc-2',3,1,'2026-06-18 12:32:59.812','2026-06-30 20:05:05.155'),
('cmqjhd8yx006d7opb7tffgo8t','อุปกรณ์ป้องกันเครือข่าย','dc-2',4,1,'2026-06-18 12:32:59.818','2026-06-30 20:05:05.164'),
('cmqjhd8z4006h7opbt31tiaox','อุปกรณ์กระจายสัญญาณหลัก','dc-2',5,1,'2026-06-18 12:32:59.824','2026-06-30 20:05:05.172');
/*!40000 ALTER TABLE `ChecklistCategory` ENABLE KEYS */;
UNLOCK TABLES;

LOCK TABLES `ChecklistItem` WRITE;
/*!40000 ALTER TABLE `ChecklistItem` DISABLE KEYS */;
INSERT INTO `ChecklistItem` VALUES
('cmqjhd8wv00577opbvr0y59vw','cmqjhd8wr00557opbtww584ah','อุณหภูมิห้อง',1,0,5,1,1,'2026-06-18 12:32:59.744','2026-06-30 20:05:05.071'),
('cmqjhd8wz00597opbebg6lore','cmqjhd8wr00557opbtww584ah','แอร์ตัวที่ 1',0,0,5,2,1,'2026-06-18 12:32:59.748','2026-06-30 20:05:05.076'),
('cmqjhd8x2005b7opbwmt4cjd4','cmqjhd8wr00557opbtww584ah','แอร์ตัวที่ 2',0,0,5,3,1,'2026-06-18 12:32:59.750','2026-06-30 20:05:05.081'),
('cmqjhd8x6005d7opb5uxe065z','cmqjhd8wr00557opbtww584ah','แอร์ตัวที่ 3',0,0,5,4,1,'2026-06-18 12:32:59.754','2026-06-30 20:05:05.085'),
('cmqjhd8xa005f7opbuqq7qfnb','cmqjhd8wr00557opbtww584ah','แอร์ตัวที่ 4',0,0,5,5,1,'2026-06-18 12:32:59.758','2026-06-30 20:05:05.089'),
('cmqjhd8xj005j7opba0ffomnn','cmqjhd8xd005h7opbu3czb9xp','Finger Scan - สถานะไฟ',0,0,5,1,1,'2026-06-18 12:32:59.767','2026-06-30 20:05:05.098'),
('cmqjhd8xr005n7opbl3xv336j','cmqjhd8xo005l7opbuo06ut6n','NVR - สามารถดูได้',0,0,5,1,1,'2026-06-18 12:32:59.776','2026-06-30 20:05:05.106'),
('cmqjhd8xy005r7opb2799bjim','cmqjhd8xv005p7opbqb2uzxmx','Firewall - ทำงานปกติ',0,0,5,1,1,'2026-06-18 12:32:59.783','2026-06-30 20:05:05.115'),
('cmqjhd8y5005v7opbmjgxqnyl','cmqjhd8y2005t7opbag8m1h7l','Core Switch - ทำงานปกติ',0,0,5,1,1,'2026-06-18 12:32:59.789','2026-06-30 20:05:05.123'),
('cmqjhd8ya005z7opbz02kq53y','cmqjhd8y7005x7opbbhcmxmg4','อุณหภูมิห้อง',1,0,5,1,1,'2026-06-18 12:32:59.795','2026-06-30 20:05:05.132'),
('cmqjhd8yf00617opbieb8umh4','cmqjhd8y7005x7opbbhcmxmg4','แอร์ตัวที่ 1',0,0,5,2,1,'2026-06-18 12:32:59.799','2026-06-30 20:05:05.137'),
('cmqjhd8yi00637opb5gfmuagl','cmqjhd8y7005x7opbbhcmxmg4','แอร์ตัวที่ 2',0,0,5,3,1,'2026-06-18 12:32:59.802','2026-06-30 20:05:05.141'),
('cmqjhd8yo00677opbdg0tkqze','cmqjhd8yl00657opbybysnong','Finger Scan - สถานะไฟ',0,0,5,1,1,'2026-06-18 12:32:59.809','2026-06-30 20:05:05.151'),
('cmqjhd8yv006b7opbo1yc2a90','cmqjhd8ys00697opbs2602i8n','NVR - สามารถดูได้',0,0,5,1,1,'2026-06-18 12:32:59.815','2026-06-30 20:05:05.159'),
('cmqjhd8z0006f7opbtos5lcny','cmqjhd8yx006d7opb7tffgo8t','Firewall - ทำงานปกติ',0,0,5,1,1,'2026-06-18 12:32:59.821','2026-06-30 20:05:05.169'),
('cmqjhd8z8006j7opbuki3rexy','cmqjhd8z4006h7opbt31tiaox','Core Switch - ทำงานปกติ',0,0,5,1,1,'2026-06-18 12:32:59.829','2026-06-30 20:05:05.176');
/*!40000 ALTER TABLE `ChecklistItem` ENABLE KEYS */;
UNLOCK TABLES;
/*!40103 SET TIME_ZONE=@OLD_TIME_ZONE */;

/*!40101 SET SQL_MODE=@OLD_SQL_MODE */;
/*!40014 SET FOREIGN_KEY_CHECKS=@OLD_FOREIGN_KEY_CHECKS */;
/*!40101 SET CHARACTER_SET_CLIENT=@OLD_CHARACTER_SET_CLIENT */;
/*!40101 SET CHARACTER_SET_RESULTS=@OLD_CHARACTER_SET_RESULTS */;
/*!40101 SET COLLATION_CONNECTION=@OLD_COLLATION_CONNECTION */;
/*M!100616 SET NOTE_VERBOSITY=@OLD_NOTE_VERBOSITY */;

/*M!999999\- enable the sandbox mode */

/*!40101 SET @OLD_CHARACTER_SET_CLIENT=@@CHARACTER_SET_CLIENT */;
/*!40101 SET @OLD_CHARACTER_SET_RESULTS=@@CHARACTER_SET_RESULTS */;
/*!40101 SET @OLD_COLLATION_CONNECTION=@@COLLATION_CONNECTION */;
/*!40101 SET NAMES utf8mb4 */;
/*!40103 SET @OLD_TIME_ZONE=@@TIME_ZONE */;
/*!40103 SET TIME_ZONE='+00:00' */;
/*!40014 SET @OLD_FOREIGN_KEY_CHECKS=@@FOREIGN_KEY_CHECKS, FOREIGN_KEY_CHECKS=0 */;
/*!40101 SET @OLD_SQL_MODE=@@SQL_MODE, SQL_MODE='NO_AUTO_VALUE_ON_ZERO' */;
/*M!100616 SET @OLD_NOTE_VERBOSITY=@@NOTE_VERBOSITY, NOTE_VERBOSITY=0 */;

LOCK TABLES `_prisma_migrations` WRITE;
/*!40000 ALTER TABLE `_prisma_migrations` DISABLE KEYS */;
INSERT INTO `_prisma_migrations` VALUES
('0bebe880-cdbb-45b5-8d5a-780d88d037da','5204391d125f6c790f823bfd2122816bafdb6b2b833cadeb9a8869008d6707bb','2026-06-28 18:09:36.936','20260629010000_add_backup_job',NULL,NULL,'2026-06-28 18:09:36.887',1),
('1867a486-5721-4145-8bae-5ceaee316936','88afed876ddaf7dbfb40e076c3c1c29d97777a2a975cca5c206bc4cea10c83c8','2026-06-28 17:14:41.134','20260626150000_add_duration_to_daily_status_entry','',NULL,'2026-06-28 17:14:41.134',0),
('33a94842-2bd9-47c0-96b4-b4e33c417ffc','08a8855c20d0a26a2596666d62ffcca1d9bc0c6b836634d1f8393f95a37dee67','2026-06-28 17:14:39.219','20260622170000_add_network_device_type','',NULL,'2026-06-28 17:14:39.219',0),
('376dd132-814b-4b4e-86cf-3e86fce861ba','a7d8986ce5f8c8bad71249eec12f99c2e59c4048281b58456f06d64fb0d60044','2026-06-30 16:25:44.670','20260630163000_add_backup_inspection_time_slot',NULL,NULL,'2026-06-30 16:25:44.539',1),
('424a56a2-54e5-44aa-8c47-2142e4559e4a','0ba8ea10a23ec1d12698d99252c50816b4f3a146657ecb26b2d0702ec421da05','2026-07-01 04:03:52.043','20260701101500_add_storage_device_category',NULL,NULL,'2026-07-01 04:03:51.918',1),
('5b5eac15-cf66-482e-bb26-0fb4f25d455d','ad1881e11f919c699e42dddd2c6416f622d83b63af9da6fcfcb060088dc5155f','2026-06-28 17:14:40.524','20260626110000_add_inspection_metadata','',NULL,'2026-06-28 17:14:40.524',0),
('6a58c84f-e653-4d0d-996d-4a51cf166e74','8534c8f74f6c921736ff12234b95ef611a5b4d012237cf9ead61b6ccc7b7ec7b','2026-07-01 03:15:54.478','20260701094500_add_asset_ownership_type',NULL,NULL,'2026-07-01 03:15:54.349',1),
('89c1471c-5f94-473a-9986-03d80e3a4238','ed40abceec5ed54faa57ee4cc0b452da07ef3bc6f81a8599cf5497756fbf44a2','2026-06-28 17:14:39.942','20260622190000_add_must_change_password','',NULL,'2026-06-28 17:14:39.942',0),
('9a9e4a01-fca8-4fd0-9e5e-3ad380d16c81','92c538ab131c03b3f7bbfe7df526922da9c806493ff7792a1a5c00775f25ee19','2026-06-28 19:05:04.170','20260629020000_add_backup_inspection',NULL,NULL,'2026-06-28 19:05:04.010',1),
('9daf9d4f-7b83-417a-87ec-624d7120275d','dcec28f9d83dfbf706e2112a1e36162e825145321b9db61b020ab65179b707ca','2026-07-01 04:40:30.676','20260701103500_add_storage_inspection_policy',NULL,NULL,'2026-07-01 04:40:30.620',1),
('bebd301b-93a1-477d-b532-dfa022b0baa5','5261344ac0c2ead3aa4191077d64598916e66271875929459fdfceb40d6c3314','2026-06-28 18:36:09.673','20260629012000_add_backup_job_item',NULL,NULL,'2026-06-28 18:36:09.560',1),
('cc28599f-d75b-4d26-acdf-019880a3313f','b71c641e32a40cba148ad93b2e3aaae33ddbe86b9b0d90734034305516bc3254','2026-06-28 17:44:54.859','20260628180000_add_inspection_policy',NULL,NULL,'2026-06-28 17:44:54.762',1),
('d65c762e-b1e9-4268-9b0d-b3e9b34d1541','2e3ec5d4196faaf3edd7f0639e3f3fee6f36b64dda87348d21c452c98d13808b','2026-07-01 04:16:32.287','20260701102500_add_storage_device_type_options',NULL,NULL,'2026-07-01 04:16:32.164',1);
/*!40000 ALTER TABLE `_prisma_migrations` ENABLE KEYS */;
UNLOCK TABLES;
/*!40103 SET TIME_ZONE=@OLD_TIME_ZONE */;

/*!40101 SET SQL_MODE=@OLD_SQL_MODE */;
/*!40014 SET FOREIGN_KEY_CHECKS=@OLD_FOREIGN_KEY_CHECKS */;
/*!40101 SET CHARACTER_SET_CLIENT=@OLD_CHARACTER_SET_CLIENT */;
/*!40101 SET CHARACTER_SET_RESULTS=@OLD_CHARACTER_SET_RESULTS */;
/*!40101 SET COLLATION_CONNECTION=@OLD_COLLATION_CONNECTION */;
/*M!100616 SET NOTE_VERBOSITY=@OLD_NOTE_VERBOSITY */;
